Steps,Policy/Entropy,Environment/Episode Length,Policy/Extrinsic Value Estimate,Environment/Cumulative Reward,Policy/Extrinsic Reward,Losses/Value Loss,Losses/Policy Loss,Policy/Learning Rate,Policy/Epsilon,Policy/Beta,Is Training
12000,1.4181758,44.0,0.19969502,1.0239583565077435,1.0239583565077435,0.37895027,0.016415508,0.00029999609,0.19999869,0.0009999871,1.0
24000,1.4160752,108.12941176470588,1.0868981,2.230927856619825,2.230927856619825,0.4045772,0.012660511,0.0002999891,0.19999637,0.0009999641,1.0
36000,1.4155991,399.2352941176471,1.530358,14.33529415551354,14.33529415551354,0.48684594,0.012279316,0.00029998244,0.19999413,0.000999942,1.0
48000,1.4162437,638.7142857142857,1.961945,15.605263192402688,15.605263192402688,0.32800844,0.021577017,0.00029997507,0.19999169,0.0009999179,1.0
60000,1.4168562,595.15,2.1733027,19.913043544992156,19.913043544992156,0.4802728,0.019485125,0.00029996777,0.19998924,0.0009998935,1.0
72000,1.4174569,589.8421052631579,2.3424077,16.19000002667308,16.19000002667308,1.0040071,0.01698497,0.00029996052,0.19998682,0.0009998697,1.0
84000,1.4167855,659.2380952380952,1.9468497,13.038095286914281,13.038095286914281,1.0479543,0.017931942,0.00029995345,0.19998448,0.0009998464,1.0
96000,1.4172895,802.3636363636364,2.0019898,24.408333366115887,24.408333366115887,0.2603049,0.019584386,0.00029994617,0.19998205,0.0009998224,1.0
108000,1.4172193,832.9411764705883,2.3404608,23.000000089845237,23.000000089845237,0.2674788,0.017795907,0.00029993887,0.19997962,0.0009997982,1.0
120000,1.4174293,769.7333333333333,2.5779943,21.30714290695531,21.30714290695531,0.22547089,0.012590087,0.00029993153,0.19997717,0.0009997741,1.0
132000,1.4178231,979.5384615384615,2.5422254,29.230769317883713,29.230769317883713,0.24870203,0.01760283,0.00029992405,0.19997467,0.0009997494,1.0
144000,1.4183489,885.0833333333334,2.2967932,26.669230850843284,26.669230850843284,0.57098067,0.016744731,0.00029991704,0.19997235,0.0009997262,1.0
156000,1.4188037,906.6153846153846,2.4841533,22.9363636279648,22.9363636279648,0.21083972,0.018780466,0.0002999099,0.19996998,0.0009997027,1.0
168000,1.418556,858.1333333333333,2.5484254,25.875000026077032,25.875000026077032,0.4818964,0.017174458,0.0002999029,0.19996762,0.0009996796,1.0
180000,1.4184403,852.5714285714286,2.380363,19.5866667419672,19.5866667419672,0.7366446,0.015908392,0.00029989588,0.19996528,0.0009996565,1.0
192000,1.4184448,927.5714285714286,2.5862265,27.1363637176427,27.1363637176427,0.18367882,0.020208219,0.00029988843,0.19996281,0.000999632,1.0
204000,1.4182196,964.8181818181819,2.6565979,26.246153909426468,26.246153909426468,0.08653078,0.012295651,0.00029988142,0.19996047,0.0009996085,1.0
216000,1.4181656,999.0,2.7361336,29.90000009536743,29.90000009536743,0.09824177,0.017512014,0.00029987423,0.19995809,0.0009995849,1.0
228000,1.418526,904.0714285714286,2.7125237,24.953846220786755,24.953846220786755,0.14208834,0.017956104,0.00029986716,0.19995572,0.0009995616,1.0
240000,1.4182605,862.8571428571429,2.8797276,25.442857222897665,25.442857222897665,0.1421542,0.018217457,0.0002998597,0.19995324,0.0009995371,1.0
252000,1.4172441,895.3846153846154,2.8565283,23.128571477319515,23.128571477319515,0.56743306,0.016214151,0.00029985237,0.1999508,0.0009995127,1.0
264000,1.4163043,978.1666666666666,2.683948,29.13000009059906,29.13000009059906,0.11462588,0.018438319,0.00029984556,0.19994853,0.0009994904,1.0
276000,1.4138623,999.0,2.7825744,29.90000009536743,29.90000009536743,0.055139136,0.014987181,0.0002998386,0.19994621,0.0009994674,1.0
288000,1.4129138,999.0,2.783382,26.9333334180216,26.9333334180216,0.11051017,0.020224085,0.00029983092,0.19994365,0.0009994421,1.0
300000,1.4127129,999.0,2.8806672,29.90000009536743,29.90000009536743,0.081042945,0.014835591,0.00029982327,0.19994108,0.0009994168,1.0
312000,1.4119723,999.0,2.8715966,26.9923077833194,26.9923077833194,0.06727703,0.010678361,0.00029981625,0.19993873,0.0009993935,1.0
324000,1.4118042,966.7777777777778,2.7561357,29.01000008583069,29.01000008583069,0.15764105,0.013962265,0.00029980912,0.19993638,0.0009993701,1.0
336000,1.4112278,999.0,2.8315897,27.46923083296189,27.46923083296189,0.058440674,0.018709982,0.000299802,0.199934,0.0009993465,1.0
348000,1.4119788,999.0,2.8145156,29.90000009536743,29.90000009536743,0.05986773,0.01910674,0.00029979486,0.19993162,0.000999323,1.0
360000,1.4126791,999.0,2.835582,26.733333395794034,26.733333395794034,0.073581666,0.024067834,0.00029978767,0.19992924,0.0009992993,1.0
372000,1.4132625,999.0,2.828475,29.90000009536743,29.90000009536743,0.062028978,0.016434388,0.00029978048,0.19992685,0.0009992757,1.0
384000,1.4130893,999.0,2.830909,29.90000009536743,29.90000009536743,0.056208048,0.013884018,0.00029977338,0.19992447,0.0009992522,1.0
396000,1.4133781,999.0,2.8863683,27.253846239585144,27.253846239585144,0.056794375,0.014926829,0.00029976616,0.19992204,0.0009992283,1.0
408000,1.4129055,999.0,2.865058,29.90000009536743,29.90000009536743,0.077118464,0.015235485,0.000299759,0.19991966,0.0009992047,1.0
420000,1.4120116,965.9090909090909,2.864073,26.43571433957134,26.43571433957134,0.05002134,0.022862783,0.00029975187,0.19991727,0.0009991812,1.0
432000,1.410128,982.0,2.8450003,29.35000008940697,29.35000008940697,0.10321251,0.01682525,0.00029974474,0.19991489,0.0009991577,1.0
444000,1.4098152,999.0,2.8221557,26.383333386232454,26.383333386232454,0.102420814,0.016817324,0.00029973764,0.19991255,0.0009991342,1.0
456000,1.41021,999.0,2.8612123,29.90000009536743,29.90000009536743,0.07219678,0.023010626,0.00029972993,0.19991,0.0009991088,1.0
468000,1.4096998,999.0,2.9366593,26.445454613728955,26.445454613728955,0.046805147,0.018805353,0.0002997224,0.19990747,0.0009990839,1.0
480000,1.4098858,999.0,2.9412146,29.90000009536743,29.90000009536743,0.07536019,0.021759523,0.0002997153,0.1999051,0.0009990606,1.0
492000,1.4087269,970.9166666666666,2.9114566,29.107692397557773,29.107692397557773,0.05255251,0.020841664,0.0002997081,0.1999027,0.0009990367,1.0
504000,1.4075129,968.1666666666666,2.8356583,26.60714288215552,26.60714288215552,0.09937803,0.01806798,0.00029970094,0.19990031,0.0009990131,1.0
516000,1.4077007,987.4615384615385,2.7564988,29.47272736375982,29.47272736375982,0.07291484,0.012741975,0.00029969378,0.19989793,0.0009989896,1.0
528000,1.4080877,999.0,2.8182275,27.38571436703205,27.38571436703205,0.048491184,0.020771625,0.00029968668,0.19989555,0.0009989659,1.0
540000,1.4079698,999.0,2.8579402,29.90000009536743,29.90000009536743,0.055636317,0.020120524,0.00029967955,0.19989318,0.0009989424,1.0
552000,1.4081165,999.0,2.8045228,27.3666667578121,27.3666667578121,0.028443275,0.02091775,0.00029967236,0.19989079,0.0009989189,1.0
564000,1.408904,999.0,2.9528139,29.90000009536743,29.90000009536743,0.056805313,0.015899668,0.0002996652,0.19988841,0.0009988953,1.0
576000,1.4091407,999.0,2.8975701,27.04545465179465,27.04545465179465,0.04025033,0.017170088,0.00029965813,0.19988602,0.0009988719,1.0
588000,1.4095291,983.2857142857143,2.898042,29.333333432674408,29.333333432674408,0.067739375,0.01737362,0.00029965097,0.19988365,0.0009988482,1.0
600000,1.4097464,999.0,2.8639488,29.90000009536743,29.90000009536743,0.07682399,0.014997646,0.00029964387,0.1998813,0.0009988248,1.0
612000,1.4096129,999.0,2.8934295,27.540000079075494,27.540000079075494,0.025763921,0.020822367,0.00029963677,0.19987893,0.0009988013,1.0
624000,1.4101657,968.1666666666666,2.9547439,28.872727367010985,28.872727367010985,0.060176674,0.013160098,0.0002996296,0.1998765,0.0009987777,1.0
636000,1.410379,969.0,2.8755193,27.01428580975958,27.01428580975958,0.08089892,0.010254244,0.00029962242,0.19987412,0.000998754,1.0
648000,1.4112835,935.75,2.8087664,28.166666746139526,28.166666746139526,0.07170732,0.022650523,0.0002996153,0.19987178,0.0009987304,1.0
660000,1.4114622,999.0,2.820272,26.445454617792908,26.445454617792908,0.075584084,0.01887532,0.00029960813,0.1998694,0.0009987069,1.0
672000,1.4106226,999.0,2.9004602,29.90000009536743,29.90000009536743,0.055430245,0.019563014,0.00029960097,0.199867,0.0009986833,1.0
684000,1.4102839,999.0,2.874006,26.90000009040038,26.90000009040038,0.053892832,0.019411955,0.00029959326,0.1998644,0.0009986578,1.0
696000,1.4108865,998.0714285714286,2.9063132,29.90000009536743,29.90000009536743,0.07287055,0.019135358,0.00029958566,0.1998619,0.0009986327,1.0
708000,1.4109216,978.7692307692307,2.8647573,29.850000083446503,29.850000083446503,0.08236412,0.01929365,0.00029957856,0.19985951,0.0009986092,1.0
720000,1.4107225,911.4285714285714,2.8232338,25.064705937224275,25.064705937224275,0.14137043,0.017669335,0.00029957152,0.19985718,0.000998586,1.0
732000,1.4107347,962.0,2.7837033,28.35555562708113,28.35555562708113,0.0836534,0.01671671,0.00029956445,0.1998548,0.0009985627,1.0
744000,1.4116738,999.0,2.8557336,27.314285773251736,27.314285773251736,0.057833042,0.021544054,0.0002995574,0.19985247,0.0009985395,1.0
756000,1.4120208,999.0,2.9096708,29.90000009536743,29.90000009536743,0.03270319,0.020577446,0.00029955027,0.19985008,0.0009985159,1.0
768000,1.4109963,999.0,2.9069526,27.61666677892208,27.61666677892208,0.027582819,0.0191622,0.00029954317,0.19984774,0.0009984925,1.0
780000,1.4094207,999.0,2.9308617,29.90000009536743,29.90000009536743,0.040129278,0.018798625,0.00029953555,0.19984517,0.0009984673,1.0
792000,1.4092101,999.0,2.927957,27.160000106692316,27.160000106692316,0.02315451,0.015406497,0.00029952795,0.19984265,0.0009984422,1.0
804000,1.4097606,999.0,2.933657,29.90000009536743,29.90000009536743,0.04048397,0.013765343,0.00029952082,0.19984026,0.0009984188,1.0
816000,1.4112098,999.0,2.9315724,29.90000009536743,29.90000009536743,0.02962972,0.02082979,0.00029951378,0.19983792,0.0009983955,1.0
828000,1.4116514,999.0,2.8942378,28.229411846136344,28.229411846136344,0.037759367,0.01466534,0.0002995067,0.19983558,0.0009983722,1.0
840000,1.4114064,999.0,2.9368536,29.90000009536743,29.90000009536743,0.03404056,0.020282183,0.00029949963,0.1998332,0.0009983487,1.0
852000,1.4114133,999.0,2.9170496,28.085714399814606,28.085714399814606,0.04364273,0.01912158,0.00029949244,0.19983082,0.0009983251,1.0
864000,1.4118584,999.0,2.87763,29.90000009536743,29.90000009536743,0.07439034,0.017151294,0.0002994854,0.19982846,0.0009983018,1.0
876000,1.4130098,999.0,2.8640137,26.583333392937977,26.583333392937977,0.061143827,0.019286992,0.0002994782,0.19982606,0.000998278,1.0
888000,1.4139441,999.0,2.8987517,29.90000009536743,29.90000009536743,0.049204987,0.019941272,0.0002994711,0.19982369,0.0009982546,1.0
900000,1.4144243,999.0,2.9189367,26.740000061690807,26.740000061690807,0.03651351,0.022855463,0.00029946398,0.19982131,0.0009982311,1.0
912000,1.4140857,999.0,2.91592,29.90000009536743,29.90000009536743,0.040614244,0.015534233,0.0002994568,0.19981892,0.0009982074,1.0
924000,1.4147754,999.0,2.9452407,29.90000009536743,29.90000009536743,0.048937425,0.014902872,0.00029944978,0.19981658,0.0009981842,1.0
936000,1.4140989,999.0,2.9032187,27.994117744705257,27.994117744705257,0.06458874,0.018516403,0.000299442,0.19981399,0.0009981586,1.0
948000,1.4130336,999.0,2.8300478,29.90000009536743,29.90000009536743,0.064006634,0.021021927,0.00029943424,0.19981141,0.000998133,1.0
960000,1.4121257,999.0,2.8588414,27.257142940802233,27.257142940802233,0.02945075,0.014494706,0.00029942705,0.19980903,0.0009981093,1.0
972000,1.4124306,999.0,2.9219398,29.90000009536743,29.90000009536743,0.056478146,0.011424365,0.00029941995,0.19980663,0.0009980858,1.0
984000,1.4125861,999.0,2.905091,27.383333425968885,27.383333425968885,0.03064466,0.018184107,0.00029941282,0.19980426,0.0009980624,1.0
996000,1.412151,999.0,2.922462,29.90000009536743,29.90000009536743,0.0407396,0.021758417,0.00029940566,0.19980188,0.0009980387,1.0
1008000,1.4119527,999.0,2.9187765,27.10000010430813,27.10000010430813,0.023268042,0.018076615,0.00029939858,0.19979954,0.0009980152,1.0
1020000,1.4121907,990.3333333333334,2.9095535,29.626666752497353,29.626666752497353,0.08139817,0.019212823,0.00029939142,0.19979715,0.0009979918,1.0
1032000,1.4118122,999.0,2.8713696,29.90000009536743,29.90000009536743,0.026771257,0.01504523,0.00029938435,0.19979477,0.0009979683,1.0
1044000,1.4114877,999.0,2.9091392,28.28823540052947,28.28823540052947,0.02966327,0.017232042,0.00029937728,0.19979243,0.0009979451,1.0
1056000,1.4122772,999.0,2.9304278,29.90000009536743,29.90000009536743,0.026822226,0.021204613,0.0002993703,0.19979008,0.0009979219,1.0
1068000,1.4126304,999.0,2.895179,27.885714372353895,27.885714372353895,0.061156902,0.01822203,0.00029936328,0.19978775,0.0009978988,1.0
1080000,1.4126897,999.0,2.8998086,29.90000009536743,29.90000009536743,0.04117508,0.018951135,0.00029935563,0.19978522,0.0009978736,1.0
1092000,1.4127209,999.0,2.9023092,27.333333432053525,27.333333432053525,0.037444655,0.02402105,0.00029934794,0.19978265,0.0009978483,1.0
1104000,1.4129771,999.0,2.9010012,29.90000009536743,29.90000009536743,0.05972375,0.016323002,0.0002993409,0.1997803,0.000997825,1.0
1116000,1.4143075,999.0,2.8942916,26.560000067949296,26.560000067949296,0.03866732,0.014543176,0.00029933383,0.19977795,0.0009978017,1.0
1128000,1.415418,999.0,2.9004858,29.90000009536743,29.90000009536743,0.05626368,0.016729655,0.00029932678,0.19977559,0.0009977784,1.0
1140000,1.4152236,999.0,2.9301677,29.90000009536743,29.90000009536743,0.03293005,0.019653896,0.00029931986,0.19977327,0.0009977556,1.0
1152000,1.4159781,968.1333333333333,2.875145,27.450000072518986,27.450000072518986,0.076961756,0.023912117,0.00029931232,0.19977078,0.0009977306,1.0
1164000,1.4164389,999.0,2.8779368,29.90000009536743,29.90000009536743,0.0116399005,0.01898364,0.0002993048,0.19976826,0.0009977059,1.0
1176000,1.4164649,999.0,2.9395225,28.562500096857548,28.562500096857548,0.04206078,0.020778904,0.00029929762,0.19976588,0.0009976822,1.0
1188000,1.4173208,999.0,2.916257,29.90000009536743,29.90000009536743,0.031028407,0.018626412,0.0002992906,0.19976354,0.000997659,1.0
1200000,1.4174651,999.0,2.9496446,27.853846247379597,27.853846247379597,0.033749312,0.016041955,0.0002992835,0.19976115,0.0009976355,1.0
1212000,1.4180477,993.0,2.9273183,29.90000009536743,29.90000009536743,0.03199784,0.019204335,0.0002992764,0.19975881,0.0009976121,1.0
1224000,1.4183213,989.25,2.8876595,26.50909096544439,26.50909096544439,0.06351152,0.019348843,0.00029926936,0.19975644,0.0009975889,1.0
1236000,1.4173188,996.9230769230769,2.8442059,29.82857150690896,29.82857150690896,0.08878327,0.020526642,0.00029926223,0.19975407,0.0009975655,1.0
1248000,1.4162446,999.0,2.8953454,29.90000009536743,29.90000009536743,0.03469007,0.016581323,0.00029925528,0.19975175,0.0009975423,1.0
1260000,1.4159584,999.0,2.9238062,28.211111202836037,28.211111202836037,0.034860943,0.019614505,0.00029924815,0.1997494,0.0009975188,1.0
1272000,1.4167067,999.0,2.8949769,29.90000009536743,29.90000009536743,0.03205595,0.016524976,0.0002992404,0.19974682,0.0009974933,1.0
1284000,1.4180094,999.0,2.8780377,28.050000096671283,28.050000096671283,0.042678114,0.01943324,0.00029923266,0.19974422,0.0009974678,1.0
1296000,1.418265,999.0,2.9501078,29.90000009536743,29.90000009536743,0.044291403,0.019025091,0.00029922547,0.19974184,0.000997444,1.0
1308000,1.4179119,974.8823529411765,2.8906102,26.821428630501032,26.821428630501032,0.061905753,0.01628531,0.00029921837,0.19973946,0.0009974207,1.0
1320000,1.4165951,999.0,2.8704443,29.90000009536743,29.90000009536743,0.04804088,0.01536949,0.00029921124,0.19973707,0.000997397,1.0
1332000,1.4153836,999.0,2.928508,27.433333436648052,27.433333436648052,0.027520066,0.017579509,0.00029920405,0.19973469,0.0009973734,1.0
1344000,1.4156488,999.0,2.8929856,29.90000009536743,29.90000009536743,0.05800656,0.02164586,0.000299197,0.19973235,0.0009973501,1.0
1356000,1.4150212,999.0,2.924796,29.90000009536743,29.90000009536743,0.044347942,0.015587303,0.0002991902,0.19973008,0.0009973277,1.0
1368000,1.4142725,999.0,2.9314198,28.005882433232138,28.005882433232138,0.044835646,0.014329873,0.000299183,0.19972767,0.0009973039,1.0
1380000,1.4143233,999.0,2.8881104,29.90000009536743,29.90000009536743,0.023013175,0.017269807,0.000299176,0.19972533,0.0009972809,1.0
1392000,1.4138484,999.0,2.9052694,28.073333422342937,28.073333422342937,0.05358589,0.017943172,0.0002991689,0.19972296,0.0009972574,1.0
1404000,1.4139643,999.0,2.8973668,29.90000009536743,29.90000009536743,0.03624052,0.020113131,0.00029916168,0.19972058,0.0009972337,1.0
1416000,1.413966,999.0,2.9438796,27.714285787727153,27.714285787727153,0.029292636,0.017658269,0.00029915458,0.19971819,0.00099721,1.0
1428000,1.4141484,999.0,2.914118,29.90000009536743,29.90000009536743,0.038717438,0.01602645,0.00029914736,0.19971578,0.0009971863,1.0
1440000,1.4138846,999.0,2.8867366,27.383333432177704,27.383333432177704,0.04175212,0.018088102,0.0002991396,0.1997132,0.0009971606,1.0
1452000,1.4132465,999.0,2.9093833,29.90000009536743,29.90000009536743,0.03698046,0.015068806,0.00029913185,0.19971061,0.0009971351,1.0
1464000,1.4126676,999.0,2.9268746,29.90000009536743,29.90000009536743,0.02959568,0.021639742,0.00029912475,0.19970827,0.0009971117,1.0
1476000,1.4122876,999.0,2.8752675,28.252941268331863,28.252941268331863,0.06149995,0.015954377,0.00029911782,0.19970594,0.0009970888,1.0
1488000,1.4121372,999.0,2.8678238,29.90000009536743,29.90000009536743,0.082238816,0.014720953,0.0002991108,0.19970359,0.0009970657,1.0
1500000,1.4120694,999.0,2.8826985,27.43333340982596,27.43333340982596,0.035006046,0.0157058,0.00029910367,0.19970123,0.0009970422,1.0
1512000,1.4121552,999.0,2.9203894,29.90000009536743,29.90000009536743,0.06044918,0.018360116,0.0002990966,0.19969887,0.0009970188,1.0
1524000,1.411611,963.4444444444445,2.8869646,26.562500054948032,26.562500054948032,0.07473489,0.017374886,0.0002990894,0.19969647,0.000996995,1.0
1536000,1.411705,875.4166666666666,2.836997,26.430769293354107,26.430769293354107,0.051940564,0.018941684,0.00029908228,0.19969408,0.0009969715,1.0
1548000,1.4105991,994.5,2.9450963,28.216666749368112,28.216666749368112,0.024515754,0.022387376,0.0002990753,0.19969177,0.0009969486,1.0
1560000,1.4091225,930.9285714285714,2.9017947,27.669230855428257,27.669230855428257,0.055376124,0.016451824,0.00029906773,0.19968925,0.0009969234,1.0
1572000,1.4080416,999.0,2.9293492,29.90000009536743,29.90000009536743,0.019893482,0.016773837,0.00029906002,0.19968669,0.000996898,1.0
1584000,1.407348,979.7142857142857,2.8817265,27.98125011473894,27.98125011473894,0.049699653,0.01821513,0.0002990529,0.1996843,0.0009968745,1.0
1596000,1.405894,999.0,2.9789505,29.90000009536743,29.90000009536743,0.1392417,0.021148076,0.00029904573,0.19968192,0.0009968509,1.0
1608000,1.4048417,999.0,2.9811187,28.56250008381903,28.56250008381903,0.048011452,0.017791564,0.0002990387,0.19967955,0.0009968277,1.0
1620000,1.4028598,999.0,2.9452825,29.90000009536743,29.90000009536743,0.04339984,0.009478045,0.00029903158,0.19967718,0.0009968042,1.0
1632000,1.4024651,999.0,2.8937755,27.08461546439391,27.08461546439391,0.055901792,0.019861111,0.00029902457,0.19967484,0.0009967809,1.0
1644000,1.4030348,999.0,2.9068596,29.90000009536743,29.90000009536743,0.029093236,0.017641703,0.00029901759,0.19967252,0.000996758,1.0
1656000,1.4036758,872.7857142857143,2.858654,25.01428579485842,25.01428579485842,0.08638684,0.014646482,0.00029901043,0.19967012,0.0009967344,1.0
1668000,1.4037437,999.0,2.8755593,28.681818268515848,28.681818268515848,0.07411222,0.016233234,0.00029900283,0.19966759,0.0009967093,1.0
1680000,1.4042591,911.6,2.8821225,25.930000072717668,25.930000072717668,0.067969136,0.017244866,0.00029899515,0.19966502,0.0009966841,1.0
1692000,1.4042441,883.2857142857143,2.8808792,25.50000007947286,25.50000007947286,0.06226568,0.014732105,0.00029898804,0.19966269,0.0009966604,1.0
1704000,1.4031262,949.7,2.896269,28.025000083260238,28.025000083260238,0.033796158,0.015689865,0.000298981,0.19966035,0.0009966373,1.0
1716000,1.4032096,930.25,2.8229275,26.68947375683408,26.68947375683408,0.05139694,0.01884527,0.00029897405,0.19965802,0.0009966143,1.0
1728000,1.4038967,999.0,2.9387796,29.90000009536743,29.90000009536743,0.042768747,0.017016081,0.00029896697,0.19965565,0.000996591,1.0
1740000,1.4047984,969.0,2.871171,27.17333341240883,27.17333341240883,0.03103449,0.02023149,0.00029895946,0.19965315,0.0009965663,1.0
1752000,1.4054266,865.5555555555555,2.8437884,26.8666667578121,26.8666667578121,0.061545078,0.012999478,0.00029895225,0.19965076,0.0009965423,1.0
1764000,1.4046383,882.5333333333333,2.8734834,25.07500007143244,25.07500007143244,0.0693166,0.017112592,0.00029894544,0.19964845,0.0009965199,1.0
1776000,1.4041606,931.4,2.8677292,28.036363723603163,28.036363723603163,0.07783342,0.01807391,0.0002989384,0.19964613,0.0009964966,1.0
1788000,1.4043605,896.2105263157895,2.8201044,25.591666743159294,25.591666743159294,0.07903909,0.012559752,0.00029893083,0.19964361,0.0009964716,1.0
1800000,1.4041588,741.875,2.7793336,23.104761957057885,23.104761957057885,0.12244912,0.01806505,0.00029892332,0.19964111,0.000996447,1.0
1812000,1.4042711,681.9285714285714,2.65443,18.685714322009257,18.685714322009257,0.17619695,0.0111728655,0.00029891662,0.19963889,0.0009964248,1.0
1824000,1.4034357,937.4545454545455,2.7729049,28.191666757067043,28.191666757067043,0.067686856,0.020549553,0.0002989097,0.19963653,0.0009964019,1.0
1836000,1.4026126,934.0714285714286,2.8143773,24.775000064944226,24.775000064944226,0.07135238,0.020213125,0.000298902,0.199634,0.0009963767,1.0
1848000,1.4018505,945.6666666666666,2.8578186,29.107142946549825,29.107142946549825,0.035067465,0.021049777,0.00029889436,0.19963145,0.0009963514,1.0
1860000,1.4021938,999.0,2.9405506,26.808333408087492,26.808333408087492,0.049454138,0.01275352,0.00029888735,0.19962911,0.0009963283,1.0
1872000,1.402757,976.8571428571429,2.9652243,29.16923084625831,29.16923084625831,0.060268205,0.016507609,0.0002988802,0.19962673,0.0009963047,1.0
1884000,1.4022559,922.2307692307693,2.8357766,25.458333423361182,25.458333423361182,0.05929565,0.018610513,0.00029887317,0.19962437,0.0009962815,1.0
1896000,1.4015318,877.3125,2.8443422,26.050000071525574,26.050000071525574,0.056557957,0.020219857,0.0002988661,0.19962204,0.0009962582,1.0
1908000,1.4015808,853.0,2.8849754,25.98571435894285,25.98571435894285,0.095796525,0.019887151,0.00029885911,0.1996197,0.000996235,1.0
1920000,1.4005086,999.0,2.77573,27.49166671248774,27.49166671248774,0.06706975,0.015215154,0.00029885213,0.19961737,0.000996212,1.0
1932000,1.3995503,956.5,2.9764037,29.90000009536743,29.90000009536743,0.017380802,0.015132985,0.00029884456,0.19961485,0.0009961871,1.0
1944000,1.3994305,999.0,2.960051,26.25000005364418,26.25000005364418,0.04578747,0.01395841,0.00029883694,0.1996123,0.0009961618,1.0
1956000,1.3984685,999.0,3.0047276,29.90000009536743,29.90000009536743,0.017977808,0.019758675,0.0002988299,0.19960995,0.0009961386,1.0
1968000,1.3976386,931.3636363636364,2.9743083,27.04615390415375,27.04615390415375,0.034507725,0.020551998,0.00029882274,0.1996076,0.000996115,1.0
1980000,1.3962147,999.0,2.9570682,29.90000009536743,29.90000009536743,0.02101215,0.01853281,0.0002988157,0.19960524,0.0009960919,1.0
1992000,1.3951583,880.6875,2.9219172,26.237500054296106,26.237500054296106,0.03494638,0.018003087,0.00029880827,0.19960275,0.0009960673,1.0
2004000,1.394455,942.5384615384615,2.902399,27.890000082552433,27.890000082552433,0.04453471,0.019552922,0.0002988009,0.19960032,0.0009960431,1.0
2016000,1.3935039,999.0,3.0270991,29.6727273626761,29.6727273626761,0.049678642,0.016444383,0.00029879398,0.199598,0.0009960202,1.0
2028000,1.3931991,962.3571428571429,2.997722,28.08750005858019,28.08750005858019,0.03545989,0.01478273,0.0002987869,0.19959563,0.0009959968,1.0
2040000,1.3932961,999.0,2.980665,29.90000009536743,29.90000009536743,0.006197283,0.015045836,0.00029877978,0.19959325,0.0009959732,1.0
2052000,1.3927423,998.125,2.9720101,29.85714294229235,29.85714294229235,0.027741542,0.013800186,0.00029877268,0.19959088,0.0009959497,1.0
2064000,1.3922997,940.7,3.0292058,28.425000087668497,28.425000087668497,0.0054266243,0.015533164,0.00029876546,0.19958849,0.000995926,1.0
2076000,1.3929081,955.875,2.9599898,28.493333400289217,28.493333400289217,0.041094504,0.012647217,0.0002987579,0.19958596,0.0009959011,1.0
2088000,1.3929242,999.0,3.035689,29.90000009536743,29.90000009536743,0.0042358357,0.021837056,0.00029875032,0.19958343,0.0009958759,1.0
2100000,1.3924272,951.2941176470588,3.006597,28.173333426316578,28.173333426316578,0.031362507,0.0119247595,0.0002987432,0.19958107,0.0009958525,1.0
2112000,1.391424,928.4166666666666,2.9572234,27.554545543410562,27.554545543410562,0.045359477,0.020462025,0.00029873606,0.19957869,0.0009958291,1.0
2124000,1.3900546,969.7692307692307,3.016985,28.84545463323593,28.84545463323593,0.015176064,0.015507863,0.00029872896,0.1995763,0.0009958056,1.0
2136000,1.3886393,999.0,3.0334675,29.90000009536743,29.90000009536743,0.0030682853,0.01765116,0.00029872174,0.1995739,0.0009957816,1.0
2148000,1.3886782,955.4,3.0017345,28.42222230964237,28.42222230964237,0.021583863,0.014887647,0.00029871444,0.19957148,0.0009957575,1.0
2160000,1.3884398,932.3333333333334,2.9684935,27.728571493178606,27.728571493178606,0.029585516,0.013674901,0.00029870766,0.19956923,0.0009957353,1.0
2172000,1.3887092,959.2727272727273,2.9655583,28.6909091797742,28.6909091797742,0.022850214,0.012654619,0.0002987007,0.19956689,0.0009957122,1.0
2184000,1.3888488,944.25,2.9933803,27.806250070221722,27.806250070221722,0.041236106,0.017498849,0.00029869334,0.19956444,0.000995688,1.0
2196000,1.3887484,953.4444444444445,2.9580128,28.763636437329378,28.763636437329378,0.022313014,0.015846154,0.00029868603,0.199562,0.0009956639,1.0
2208000,1.3881732,985.6875,3.0333734,29.86666675408681,29.86666675408681,0.0037573318,0.020412138,0.0002986786,0.19955952,0.0009956394,1.0
2220000,1.387886,852.6153846153846,2.9129045,25.61333339214325,25.61333339214325,0.051168922,0.015306127,0.00029867198,0.19955732,0.0009956175,1.0
2232000,1.3873311,763.5,2.8043582,23.456250016577542,23.456250016577542,0.106789656,0.017143197,0.00029866435,0.19955477,0.0009955923,1.0
2244000,1.3860948,802.0,2.8246212,23.920000053942204,23.920000053942204,0.05087116,0.0131370025,0.0002986572,0.1995524,0.0009955688,1.0
2256000,1.3849866,746.5,2.753586,21.594444481448996,21.594444481448996,0.14593256,0.017666992,0.00029864983,0.19954994,0.0009955445,1.0
2268000,1.3839166,733.0,2.6883883,22.55714290695531,22.55714290695531,0.10176569,0.014981479,0.00029864267,0.19954754,0.0009955209,1.0
2280000,1.3831857,883.5,2.8860607,26.10769235629302,26.10769235629302,0.10178359,0.019910974,0.00029863554,0.19954516,0.0009954973,1.0
2292000,1.3829745,826.7333333333333,2.9171228,27.383333414793015,27.383333414793015,0.049095538,0.016220769,0.0002986283,0.19954276,0.0009954734,1.0
2304000,1.3833336,890.4285714285714,2.838185,23.586666735013328,23.586666735013328,0.070143,0.019614657,0.00029862163,0.19954054,0.0009954515,1.0
2316000,1.3829963,913.8333333333334,2.9460042,27.62142863497138,27.62142863497138,0.041311435,0.017411733,0.0002986143,0.19953808,0.000995427,1.0
2328000,1.3832583,949.6363636363636,2.9961884,28.508333404858906,28.508333404858906,0.025401346,0.02065867,0.00029860696,0.19953565,0.000995403,1.0
2340000,1.3843356,915.8666666666667,2.833919,26.157142910574162,26.157142910574162,0.12897119,0.023734808,0.00029859957,0.1995332,0.0009953787,1.0
2352000,1.3835527,855.8125,2.8505547,26.31428577963795,26.31428577963795,0.03306344,0.018614737,0.00029859212,0.1995307,0.0009953539,1.0
2364000,1.3825374,716.2105263157895,2.6835315,22.610526333906147,22.610526333906147,0.1662286,0.013130602,0.0002985852,0.1995284,0.0009953311,1.0
2376000,1.382662,779.25,2.7989929,21.807142905358756,21.807142905358756,0.07115633,0.015228846,0.00029857838,0.19952613,0.0009953085,1.0
2388000,1.3826381,779.9411764705883,2.8083267,22.370588267989017,22.370588267989017,0.11181038,0.01624282,0.00029857084,0.19952361,0.0009952837,1.0
2400000,1.3817158,918.0,2.8522398,27.11111119720671,27.11111119720671,0.046816602,0.018499324,0.00029856325,0.19952106,0.0009952587,1.0
2412000,1.3811731,955.25,2.9830816,28.562500089406967,28.562500089406967,0.022347184,0.016179541,0.0002985561,0.19951868,0.000995235,1.0
2424000,1.3811088,843.3,2.9078915,25.941666732231777,25.941666732231777,0.056181658,0.0200356,0.000298549,0.19951634,0.0009952117,1.0
2436000,1.3811288,965.1538461538462,2.9706118,28.630000042915345,28.630000042915345,0.05583476,0.020613031,0.000298542,0.19951399,0.0009951885,1.0
2448000,1.3813262,901.0,2.887021,29.46666675011317,29.46666675011317,0.02665147,0.017239023,0.00029853496,0.19951166,0.0009951653,1.0
2460000,1.3809452,831.9333333333333,2.8118122,21.976923109247135,21.976923109247135,0.0777372,0.013748107,0.0002985275,0.19950914,0.0009951406,1.0
2472000,1.380142,928.5555555555555,2.9515762,28.82500006755193,28.82500006755193,0.020643251,0.015828101,0.00029852,0.19950669,0.000995116,1.0
2484000,1.379036,948.7333333333333,2.9394035,28.173333406448364,28.173333406448364,0.0536845,0.015493178,0.00029851307,0.19950436,0.0009950931,1.0
2496000,1.3774942,856.4285714285714,2.8505712,25.037500040605664,25.037500040605664,0.08971169,0.015944976,0.00029850611,0.19950204,0.0009950702,1.0
2508000,1.376417,932.75,2.9125674,29.266666751768852,29.266666751768852,0.02771358,0.019106144,0.00029849916,0.19949971,0.0009950473,1.0
2520000,1.3761255,973.1538461538462,2.8065376,27.43333340883255,27.43333340883255,0.06365199,0.014861704,0.00029849206,0.19949736,0.000995024,1.0
2532000,1.3753682,898.0,3.0213118,28.700000085681676,28.700000085681676,0.0098190475,0.016188541,0.00029848437,0.1994948,0.0009949984,1.0
2544000,1.3753254,991.5384615384615,2.8329232,27.843750057742,27.843750057742,0.036454234,0.019168777,0.00029847678,0.19949226,0.0009949734,1.0
2556000,1.3750641,849.2727272727273,2.9973664,25.76666675011317,25.76666675011317,0.028304623,0.016606398,0.00029846976,0.1994899,0.0009949502,1.0
2568000,1.374413,988.375,2.9502387,28.8944445417987,28.8944445417987,0.028157787,0.01881734,0.00029846272,0.19948757,0.0009949269,1.0
2580000,1.3742491,874.3,2.895119,25.677777798639404,25.677777798639404,0.04626602,0.020808948,0.00029845568,0.19948524,0.0009949037,1.0
2592000,1.3749824,865.5263157894736,2.871186,25.77894742159467,25.77894742159467,0.06584655,0.013506103,0.00029844875,0.1994829,0.0009948809,1.0
2604000,1.3753843,785.3333333333334,2.8435562,25.077777829435135,25.077777829435135,0.08911089,0.01573546,0.0002984417,0.19948058,0.0009948575,1.0
2616000,1.3743858,910.3333333333334,2.8655255,26.594117712448625,26.594117712448625,0.043705784,0.013292263,0.00029843402,0.19947802,0.0009948324,1.0
2628000,1.3738762,962.9166666666666,2.9606464,29.44545465707779,29.44545465707779,0.024091156,0.018495845,0.00029842646,0.19947547,0.0009948072,1.0
2640000,1.3735251,987.3333333333334,2.9009168,28.409090982242063,28.409090982242063,0.023585716,0.011053011,0.0002984194,0.19947314,0.0009947842,1.0
2652000,1.373026,932.9375,2.9889104,28.100000066061813,28.100000066061813,0.012849759,0.01479436,0.0002984124,0.1994708,0.0009947609,1.0
2664000,1.372688,866.3333333333334,2.9417005,26.175000046690304,26.175000046690304,0.06606984,0.014199915,0.00029840542,0.19946845,0.0009947378,1.0
2676000,1.3707607,907.0833333333334,2.843289,26.564285765268973,26.564285765268973,0.06388485,0.015046069,0.000298398,0.19946599,0.0009947133,1.0
2688000,1.3687375,890.1818181818181,2.9646657,27.81000007688999,27.81000007688999,0.013896569,0.01880263,0.00029839057,0.19946353,0.000994689,1.0
2700000,1.3675139,988.8,2.9516695,28.737500078976154,28.737500078976154,0.04103757,0.018312963,0.00029838373,0.19946122,0.0009946661,1.0
2712000,1.3664279,928.0,3.026076,29.680000084638596,29.680000084638596,0.012830262,0.009938092,0.0002983768,0.19945894,0.0009946434,1.0
2724000,1.3653787,999.0,2.9195683,28.440000089009605,28.440000089009605,0.023409609,0.019781917,0.00029836927,0.19945644,0.0009946186,1.0
2736000,1.3647025,880.0833333333334,2.9065237,26.546153912177452,26.546153912177452,0.082464315,0.01998864,0.00029836208,0.19945401,0.0009945947,1.0
2748000,1.3636146,910.1428571428571,2.9105995,26.766666745146114,26.766666745146114,0.04285164,0.015145112,0.00029835504,0.19945168,0.0009945716,1.0
2760000,1.3636856,854.2666666666667,2.9213605,25.433333366612594,25.433333366612594,0.06398522,0.019127715,0.00029834753,0.19944917,0.0009945469,1.0
2772000,1.3638635,964.8888888888889,3.0126684,29.045454610477794,29.045454610477794,0.019664116,0.021430088,0.00029833996,0.19944666,0.0009945218,1.0
2784000,1.3627906,999.0,2.990073,29.90000009536743,29.90000009536743,0.0032928253,0.015097509,0.00029833286,0.1994443,0.0009944985,1.0
2796000,1.3623095,899.2727272727273,3.040625,27.94545461914756,27.94545461914756,0.0024126691,0.014048647,0.00029832576,0.19944192,0.0009944751,1.0
2808000,1.3614011,999.0,2.982264,29.113333422938982,29.113333422938982,0.029349232,0.022709355,0.0002983187,0.19943957,0.0009944517,1.0
2820000,1.3612019,996.1111111111111,3.0261006,29.75714291845049,29.75714291845049,0.014976121,0.025400145,0.0002983117,0.19943722,0.0009944285,1.0
2832000,1.3609629,951.3125,2.990571,28.494117708767163,28.494117708767163,0.027185334,0.020072395,0.0002983045,0.19943483,0.0009944049,1.0
2844000,1.3602983,783.75,2.965801,24.29285721161536,24.29285721161536,0.06347686,0.023488028,0.0002982975,0.19943249,0.0009943816,1.0
2856000,1.3591269,940.5714285714286,2.8163166,28.483333400761087,28.483333400761087,0.04744119,0.018022582,0.0002982902,0.19943006,0.0009943576,1.0
2868000,1.3582247,999.0,2.981707,29.109090996059503,29.109090996059503,0.009571818,0.016589202,0.00029828268,0.19942756,0.0009943328,1.0
2880000,1.3583124,987.5714285714286,2.9929838,29.85714294229235,29.85714294229235,0.0046507195,0.016847339,0.00029827576,0.19942527,0.0009943099,1.0
2892000,1.357066,940.0,2.9888403,28.981818264180962,28.981818264180962,0.020634273,0.015001577,0.00029826866,0.19942288,0.0009942866,1.0
2904000,1.3558741,989.25,2.9822686,28.21818190135739,28.21818190135739,0.023041675,0.015800038,0.0002982615,0.1994205,0.000994263,1.0
2916000,1.3555714,915.3571428571429,2.9655843,27.741176552632275,27.741176552632275,0.036258917,0.018075021,0.00029825434,0.19941811,0.0009942394,1.0
2928000,1.355673,955.4166666666666,3.0045059,29.90000009536743,29.90000009536743,0.0056482744,0.012560658,0.00029824724,0.19941574,0.0009942158,1.0
2940000,1.3567684,956.3125,2.982133,28.826666756471,28.826666756471,0.027457025,0.015573235,0.00029823958,0.1994132,0.0009941907,1.0
2952000,1.3572197,791.2307692307693,2.8645954,24.53125001117587,24.53125001117587,0.12583229,0.023680784,0.00029823196,0.19941063,0.0009941653,1.0
2964000,1.3569357,818.8666666666667,2.774682,22.721428618899413,22.721428618899413,0.10364791,0.015093843,0.00029822506,0.19940835,0.0009941426,1.0
2976000,1.3565683,854.5333333333333,2.8984368,26.30833342174689,26.30833342174689,0.0477701,0.015893394,0.00029821816,0.19940604,0.0009941199,1.0
2988000,1.356339,867.4545454545455,2.8559902,25.05000004172325,25.05000004172325,0.081865884,0.01104988,0.00029821103,0.19940369,0.0009940964,1.0
3000000,1.3558023,909.2142857142857,2.862351,27.430769281891678,27.430769281891678,0.054179266,0.016884074,0.00029820352,0.19940118,0.0009940716,1.0
3012000,1.3551701,838.8666666666667,2.772631,24.91875003837049,24.91875003837049,0.09857506,0.015861427,0.0002981967,0.19939889,0.0009940491,1.0
3024000,1.3551369,753.125,2.9254985,23.77647064713871,23.77647064713871,0.112251304,0.020242048,0.0002981892,0.1993964,0.0009940244,1.0
3036000,1.3545142,704.0555555555555,2.7063408,20.324999999254942,20.324999999254942,0.121455334,0.013476934,0.00029818187,0.19939394,0.0009940001,1.0
3048000,1.3539202,999.0,2.8619826,27.188888936407036,27.188888936407036,0.06903147,0.014301028,0.00029817488,0.19939165,0.0009939772,1.0
3060000,1.3532445,999.0,3.0455465,29.90000009536743,29.90000009536743,0.0037382047,0.017950896,0.00029816784,0.19938928,0.0009939539,1.0
3072000,1.3526115,882.2857142857143,2.93718,26.75000008089202,26.75000008089202,0.063998066,0.01531569,0.0002981607,0.19938691,0.0009939304,1.0
3084000,1.3520856,891.0714285714286,2.9316356,26.14000008503596,26.14000008503596,0.03430913,0.015559255,0.00029815364,0.19938453,0.000993907,1.0
3096000,1.3512905,956.5714285714286,2.9853516,28.515384703301468,28.515384703301468,0.032925054,0.018604219,0.00029814654,0.19938219,0.0009938836,1.0
3108000,1.3512424,838.0714285714286,2.9603581,26.29166668529312,26.29166668529312,0.0647408,0.01210092,0.00029813885,0.19937961,0.0009938582,1.0
3120000,1.3503001,813.0666666666667,2.7839792,23.06666672726472,23.06666672726472,0.09447173,0.010899988,0.00029813143,0.19937713,0.0009938336,1.0
3132000,1.3497751,894.8333333333334,2.8234627,26.571428622518265,26.571428622518265,0.085362755,0.020292973,0.00029812442,0.19937481,0.0009938107,1.0
3144000,1.3494093,916.5833333333334,2.9456508,28.254545540972188,28.254545540972188,0.03410209,0.016700288,0.0002981175,0.19937252,0.0009937878,1.0
3156000,1.3491825,984.7142857142857,2.9461079,28.63333340237538,28.63333340237538,0.03238943,0.02103302,0.0002981105,0.19937016,0.0009937646,1.0
3168000,1.3491254,890.4545454545455,2.9649565,26.420000046491623,26.420000046491623,0.04187793,0.014292233,0.00029810288,0.19936763,0.0009937396,1.0
3180000,1.3484476,909.0,2.8844335,28.177777853276993,28.177777853276993,0.08234947,0.017333679,0.0002980956,0.1993652,0.0009937155,1.0
3192000,1.3484534,762.4666666666667,2.9053333,23.40769235445903,23.40769235445903,0.04786825,0.014414449,0.00029808856,0.19936286,0.0009936922,1.0
3204000,1.3475775,902.6363636363636,2.7677639,25.971428598676408,25.971428598676408,0.13812007,0.018486215,0.0002980814,0.19936045,0.0009936686,1.0
3216000,1.3465543,965.0,2.9110382,25.83750006556511,25.83750006556511,0.03831621,0.016915323,0.00029807448,0.19935815,0.0009936456,1.0
3228000,1.3454434,949.0,3.01878,28.476470680797803,28.476470680797803,0.017774928,0.017836152,0.0002980669,0.19935563,0.0009936207,1.0
3240000,1.3450493,850.5,2.954978,26.14166675011317,26.14166675011317,0.041092638,0.016117455,0.00029805943,0.19935314,0.0009935962,1.0
3252000,1.3446207,931.5625,2.9916852,27.4714286396546,27.4714286396546,0.027296513,0.01254101,0.00029805256,0.19935085,0.0009935736,1.0
3264000,1.3438919,999.0,3.0115068,29.90000009536743,29.90000009536743,0.0031191271,0.017729135,0.00029804563,0.19934852,0.0009935506,1.0
3276000,1.342312,963.8461538461538,3.0100625,28.830769318800705,28.830769318800705,0.02004029,0.018425848,0.00029803836,0.19934611,0.0009935265,1.0
3288000,1.3414431,913.8571428571429,2.9983265,27.75000006386212,27.75000006386212,0.023075728,0.017086836,0.00029803094,0.19934364,0.0009935022,1.0
3300000,1.3409098,886.3333333333334,2.9031572,25.469230853594265,25.469230853594265,0.08012175,0.016928213,0.00029802386,0.1993413,0.0009934787,1.0
3312000,1.3404585,949.6666666666666,2.9074097,28.708333407839138,28.708333407839138,0.06401598,0.018121248,0.0002980163,0.19933876,0.0009934538,1.0
3324000,1.3390486,985.0,2.9568324,29.36666675408681,29.36666675408681,0.026858285,0.01379734,0.00029800917,0.1993364,0.0009934301,1.0
3336000,1.337358,999.0,3.0094779,29.90000009536743,29.90000009536743,0.0049079815,0.018217,0.000298002,0.19933401,0.0009934066,1.0
3348000,1.3367012,930.8888888888889,2.9951248,28.350000083446503,28.350000083446503,0.024038471,0.016242139,0.00029799444,0.19933146,0.0009933816,1.0
3360000,1.3368019,999.0,3.0377152,29.85714294229235,29.85714294229235,0.0031765576,0.014580759,0.00029798763,0.19932921,0.000993359,1.0
3372000,1.3363892,932.1538461538462,3.0144353,27.700000062584877,27.700000062584877,0.027507061,0.018286986,0.00029798062,0.19932687,0.000993336,1.0
3384000,1.3362563,981.5,2.9393418,29.376923157618595,29.376923157618595,0.024367435,0.018751515,0.00029797357,0.19932453,0.0009933128,1.0
3396000,1.3350321,897.6,2.9502194,26.585714351918018,26.585714351918018,0.036741726,0.023498947,0.0002979658,0.19932196,0.0009932872,1.0
3408000,1.3350533,793.2105263157895,2.8479006,24.12941180607852,24.12941180607852,0.08800414,0.018061465,0.0002979585,0.19931948,0.000993263,1.0
3420000,1.3352972,876.0,2.7914705,26.2222222569916,26.2222222569916,0.08024482,0.016659213,0.00029795166,0.19931722,0.0009932405,1.0
3432000,1.336081,877.6470588235294,2.8927178,25.093333371480306,25.093333371480306,0.09526447,0.019561449,0.00029794456,0.19931485,0.0009932171,1.0
3444000,1.3366727,960.8888888888889,2.925289,28.82500008245309,28.82500008245309,0.017210044,0.02016654,0.00029793763,0.19931252,0.0009931942,1.0
3456000,1.336478,893.5263157894736,2.8478386,25.858823562807896,25.858823562807896,0.09361302,0.01809807,0.00029793003,0.19930999,0.000993169,1.0
3468000,1.3359907,798.2222222222222,2.9334838,24.91818185827949,24.91818185827949,0.055855174,0.022499211,0.00029792252,0.1993075,0.0009931441,1.0
3480000,1.3357373,912.421052631579,2.9313147,26.964705971233986,26.964705971233986,0.038136747,0.014965574,0.00029791545,0.19930513,0.0009931211,1.0
3492000,1.3359755,849.5833333333334,2.9784715,26.73636369271712,26.73636369271712,0.03605542,0.017759984,0.00029790838,0.19930279,0.0009930977,1.0
3504000,1.3366706,848.75,2.9388113,24.153846215170162,24.153846215170162,0.041315388,0.019540114,0.00029790134,0.19930042,0.0009930744,1.0
3516000,1.3369871,943.7857142857143,3.0006871,28.340000092983246,28.340000092983246,0.017948652,0.011453029,0.00029789426,0.19929808,0.0009930511,1.0
3528000,1.3366731,905.8571428571429,2.9875822,27.230000060796737,27.230000060796737,0.013951801,0.015414408,0.00029788725,0.19929576,0.0009930279,1.0
3540000,1.3362272,970.9166666666666,2.972113,28.900000077027542,28.900000077027542,0.028761286,0.0140172485,0.00029787965,0.19929324,0.000993003,1.0
3552000,1.3366477,999.0,2.9871817,28.963636452501472,28.963636452501472,0.018276433,0.017125085,0.00029787197,0.19929065,0.0009929774,1.0
3564000,1.337162,927.8125,3.004417,27.829411829219143,27.829411829219143,0.062086165,0.012853012,0.0002978648,0.19928826,0.0009929539,1.0
3576000,1.3368812,983.3,2.9216573,29.90000009536743,29.90000009536743,0.005845782,0.020423938,0.00029785765,0.19928586,0.0009929303,1.0
3588000,1.3363236,999.0,3.0291576,29.573333422342937,29.573333422342937,0.018183805,0.01710779,0.00029785058,0.19928353,0.0009929069,1.0
3600000,1.3361695,944.5833333333334,2.9751556,28.250000089406967,28.250000089406967,0.02041549,0.01807777,0.00029784348,0.19928116,0.0009928835,1.0
3612000,1.3362563,882.2307692307693,2.9136674,26.56428579081382,26.56428579081382,0.044796202,0.014472871,0.00029783644,0.19927882,0.0009928602,1.0
3624000,1.3347421,948.7692307692307,2.926097,28.37692316678854,28.37692316678854,0.023551824,0.011421586,0.0002978294,0.19927646,0.000992837,1.0
3636000,1.3334157,952.3636363636364,2.9488533,28.077777829435135,28.077777829435135,0.05700754,0.021183344,0.00029782226,0.19927411,0.0009928135,1.0
3648000,1.3332502,969.7333333333333,2.9672692,28.980000081658364,28.980000081658364,0.038755815,0.014455152,0.0002978152,0.19927172,0.0009927902,1.0
3660000,1.3325982,884.8333333333334,2.9467564,27.03846159691994,27.03846159691994,0.046487425,0.023513004,0.0002978081,0.19926935,0.0009927667,1.0
3672000,1.3316777,962.0714285714286,2.9497688,28.027272787961092,28.027272787961092,0.029749753,0.017475626,0.00029780043,0.1992668,0.0009927416,1.0
3684000,1.3308553,954.3846153846154,3.0083601,28.726666756470998,28.726666756470998,0.012380569,0.011208076,0.0002977929,0.1992643,0.0009927164,1.0
3696000,1.3293531,936.7,3.0097425,28.308333413054545,28.308333413054545,0.008406062,0.012803969,0.00029778611,0.19926202,0.000992694,1.0
3708000,1.3287264,939.875,2.9320426,27.66923086001323,27.66923086001323,0.05652103,0.015011309,0.00029777878,0.19925961,0.0009926701,1.0
3720000,1.3283889,806.4285714285714,2.867817,24.592857203313283,24.592857203313283,0.07996624,0.013241214,0.00029777156,0.19925718,0.0009926461,1.0
3732000,1.327703,828.2307692307693,2.8654366,24.886666737993558,24.886666737993558,0.060795657,0.014698657,0.00029776455,0.19925483,0.0009926229,1.0
3744000,1.3275669,944.0,2.9958625,28.216666753093403,28.216666753093403,0.019979512,0.011960931,0.0002977575,0.1992525,0.0009925998,1.0
3756000,1.328072,815.0,2.8501868,25.141176531420033,25.141176531420033,0.082954586,0.016331406,0.00029775026,0.19925007,0.0009925759,1.0
3768000,1.3279837,864.1111111111111,2.9565954,25.45000008493662,25.45000008493662,0.029578764,0.017960861,0.00029774284,0.1992476,0.0009925513,1.0
3780000,1.3286266,969.0,2.9833584,27.73333341297176,27.73333341297176,0.033671487,0.014363305,0.00029773542,0.19924514,0.0009925268,1.0
3792000,1.3281626,932.7142857142857,2.9985533,28.490000087022782,28.490000087022782,0.013047094,0.014897822,0.00029772846,0.19924282,0.0009925038,1.0
3804000,1.3267977,999.0,3.0165095,29.800000101327896,29.800000101327896,0.01103852,0.017876144,0.00029772142,0.19924046,0.0009924807,1.0
3816000,1.3259499,950.3076923076923,3.0201468,28.52857151201793,28.52857151201793,0.017025081,0.016623689,0.00029771388,0.19923796,0.0009924559,1.0
3828000,1.3262016,982.3636363636364,2.9876153,29.330000086128713,29.330000086128713,0.011566249,0.0218582,0.00029770655,0.19923553,0.0009924317,1.0
3840000,1.3266989,944.7333333333333,3.0029004,28.246666753292082,28.246666753292082,0.028321197,0.012782984,0.00029769968,0.19923322,0.000992409,1.0
3852000,1.3260969,975.0909090909091,2.98991,29.163636451417748,29.163636451417748,0.014513877,0.011545361,0.0002976921,0.1992307,0.000992384,1.0
3864000,1.3258806,926.8571428571429,2.9874086,28.22666673262914,28.22666673262914,0.016170025,0.019811878,0.00029768512,0.19922839,0.000992361,1.0
3876000,1.3241732,902.9230769230769,2.945388,25.350000059604646,25.350000059604646,0.050472084,0.019714981,0.00029767814,0.19922604,0.0009923378,1.0
3888000,1.3238528,950.7692307692307,2.9755127,28.58571436469044,28.58571436469044,0.016614834,0.014968257,0.00029767107,0.1992237,0.0009923144,1.0
3900000,1.3238019,892.0833333333334,2.9493847,29.169230850843284,29.169230850843284,0.039479766,0.01273816,0.00029766405,0.19922137,0.0009922915,1.0
3912000,1.3232232,907.0714285714286,2.9121027,25.180000069737435,25.180000069737435,0.06591006,0.014886288,0.00029765657,0.19921885,0.0009922666,1.0
3924000,1.3218719,999.0,3.0175688,29.90000009536743,29.90000009536743,0.0034331896,0.012837239,0.000297649,0.19921634,0.0009922415,1.0
3936000,1.3206873,999.0,3.045062,29.90000009536743,29.90000009536743,0.0025642985,0.022296175,0.00029764196,0.19921398,0.0009922184,1.0
3948000,1.3202446,999.0,3.0245223,29.84545462781733,29.84545462781733,0.0030872773,0.013491785,0.00029763492,0.19921163,0.0009921952,1.0
3960000,1.3192102,999.0,3.0255165,29.90000009536743,29.90000009536743,0.0029137644,0.012593712,0.0002976274,0.19920914,0.0009921704,1.0
3972000,1.3187107,999.0,3.0169208,29.814285814762115,29.814285814762115,0.0033833736,0.019326037,0.0002976201,0.19920671,0.0009921464,1.0
3984000,1.3185112,954.9230769230769,3.016365,28.160000091791154,28.160000091791154,0.012863374,0.012861892,0.0002976129,0.1992043,0.0009921225,1.0
3996000,1.3180544,999.0,3.0279284,29.90000009536743,29.90000009536743,0.0021797742,0.016249515,0.00029760555,0.19920187,0.0009920984,1.0
4008000,1.3168688,999.0,3.038584,29.90000009536743,29.90000009536743,0.0018307805,0.019456128,0.00029759886,0.19919962,0.0009920761,1.0
4020000,1.3165603,999.0,3.026427,29.761538542233982,29.761538542233982,0.003626372,0.016228477,0.00029759173,0.19919726,0.0009920528,1.0
4032000,1.3167596,999.0,3.0263236,29.90000009536743,29.90000009536743,0.0019757648,0.014335707,0.00029758448,0.19919483,0.0009920289,1.0
4044000,1.3157688,999.0,3.0337644,29.90000009536743,29.90000009536743,0.001737383,0.01945799,0.0002975772,0.19919239,0.0009920049,1.0
4056000,1.3157755,928.6923076923077,2.9851677,27.746153918596413,27.746153918596413,0.029762283,0.013511556,0.00029757014,0.19919004,0.0009919815,1.0
4068000,1.315842,999.0,2.9830964,29.90000009536743,29.90000009536743,0.013257293,0.019957507,0.00029756306,0.19918768,0.0009919581,1.0
4080000,1.3150892,980.5333333333333,3.0343845,29.331250082701445,29.331250082701445,0.013340515,0.0155803785,0.00029755576,0.19918525,0.000991934,1.0
4092000,1.3134845,999.0,3.021395,29.90000009536743,29.90000009536743,0.0021880371,0.012130131,0.0002975484,0.19918278,0.0009919096,1.0
4104000,1.3133696,999.0,3.0364735,29.85384621986976,29.85384621986976,0.0034217506,0.017656414,0.000297541,0.19918032,0.0009918853,1.0
4116000,1.3137025,917.5454545454545,3.0020123,27.80000008069552,27.80000008069552,0.029603958,0.01840859,0.00029753387,0.19917795,0.0009918618,1.0
4128000,1.314341,999.0,2.9466615,29.90000009536743,29.90000009536743,0.008697434,0.017629957,0.00029752636,0.19917546,0.000991837,1.0
4140000,1.3151469,999.0,3.004695,29.90000009536743,29.90000009536743,0.003809221,0.015745519,0.00029751944,0.19917314,0.0009918142,1.0
4152000,1.3154876,962.5833333333334,3.008244,28.950000090258463,28.950000090258463,0.018402863,0.019433454,0.00029751242,0.19917081,0.000991791,1.0
4164000,1.3150591,999.0,3.0280564,29.85000006357829,29.85000006357829,0.0027061899,0.0147568025,0.00029750552,0.1991685,0.0009917683,1.0
4176000,1.3143103,925.6923076923077,2.960006,27.466666743159294,27.466666743159294,0.03278979,0.023057638,0.00029749805,0.19916604,0.0009917436,1.0
4188000,1.3145534,999.0,3.043899,29.90000009536743,29.90000009536743,0.006907332,0.018344378,0.00029749036,0.19916345,0.0009917183,1.0
4200000,1.3143698,999.0,3.0331802,29.90000009536743,29.90000009536743,0.0027327214,0.020328281,0.0002974832,0.19916107,0.0009916945,1.0
4212000,1.3145634,936.75,3.030133,27.916666736205418,27.916666736205418,0.018948913,0.018344685,0.00029747616,0.19915873,0.0009916712,1.0
4224000,1.3145344,999.0,3.010176,29.90000009536743,29.90000009536743,0.0020745494,0.017404687,0.0002974691,0.19915636,0.000991648,1.0
4236000,1.3130903,999.0,3.024979,29.780000042915344,29.780000042915344,0.0027820764,0.017529199,0.00029746201,0.199154,0.0009916247,1.0
4248000,1.3131176,994.6153846153846,3.01368,29.75384624187763,29.75384624187763,0.014579118,0.017777652,0.00029745497,0.19915168,0.0009916015,1.0
4260000,1.3135552,999.0,3.0257933,29.90000009536743,29.90000009536743,0.00270757,0.01805874,0.0002974479,0.1991493,0.000991578,1.0
4272000,1.3133112,889.2857142857143,2.975826,27.907142941440856,27.907142941440856,0.034309674,0.017145986,0.0002974407,0.19914691,0.0009915543,1.0
4284000,1.3131214,936.9230769230769,3.007492,26.561538512890156,26.561538512890156,0.034665544,0.015509486,0.0002974337,0.19914456,0.0009915312,1.0
4296000,1.312887,999.0,3.0197449,29.90000009536743,29.90000009536743,0.002925414,0.015225034,0.0002974265,0.19914217,0.0009915074,1.0
4308000,1.3115948,999.0,3.0263362,29.90000009536743,29.90000009536743,0.0029207102,0.023369981,0.0002974193,0.19913976,0.0009914837,1.0
4320000,1.3106838,999.0,3.0350468,29.90000009536743,29.90000009536743,0.0021091222,0.010660749,0.0002974121,0.19913737,0.0009914599,1.0
4332000,1.310782,999.0,3.0280728,29.90000009536743,29.90000009536743,0.0022880016,0.0157094,0.00029740497,0.19913499,0.0009914365,1.0
4344000,1.3111686,954.0,3.0175052,28.409090995788574,28.409090995788574,0.013779896,0.020168016,0.00029739723,0.19913241,0.0009914108,1.0
4356000,1.3116999,999.0,3.012065,29.90000009536743,29.90000009536743,0.0029846635,0.015105817,0.00029738952,0.19912982,0.0009913853,1.0
4368000,1.3111383,867.4666666666667,2.9846282,25.628571506057465,25.628571506057465,0.026857728,0.020848056,0.00029738247,0.1991275,0.0009913623,1.0
4380000,1.3105954,948.1666666666666,2.9551718,28.40000005868765,28.40000005868765,0.035349734,0.013263967,0.00029737552,0.19912517,0.0009913393,1.0
4392000,1.310565,999.0,3.0364196,29.90000009536743,29.90000009536743,0.0035544436,0.018732594,0.00029736845,0.1991228,0.0009913159,1.0
4404000,1.3107374,999.0,3.0281546,29.860000085830688,29.860000085830688,0.0019513265,0.022960223,0.0002973614,0.19912048,0.0009912926,1.0
4416000,1.3092283,999.0,3.025186,29.90000009536743,29.90000009536743,0.0029454862,0.019199941,0.00029735433,0.19911812,0.0009912694,1.0
4428000,1.3083967,999.0,3.0308874,29.90000009536743,29.90000009536743,0.0031623505,0.017068751,0.00029734723,0.19911574,0.0009912458,1.0
4440000,1.3087622,999.0,3.0382516,29.84545462781733,29.84545462781733,0.0019452375,0.014988394,0.00029733963,0.19911322,0.0009912208,1.0
4452000,1.3079962,999.0,3.037776,29.90000009536743,29.90000009536743,0.0016662321,0.02294676,0.00029733192,0.19911063,0.0009911953,1.0
4464000,1.3072569,999.0,3.0254564,29.853846238209652,29.853846238209652,0.002594892,0.01806792,0.00029732505,0.19910836,0.0009911727,1.0
4476000,1.3064909,999.0,3.0290997,29.90000009536743,29.90000009536743,0.002365297,0.019087363,0.00029731807,0.19910602,0.0009911497,1.0
4488000,1.3069321,999.0,3.032205,29.853846238209652,29.853846238209652,0.0020115657,0.013353616,0.0002973109,0.19910364,0.000991126,1.0
4500000,1.3073624,901.5,2.9763463,26.941666732231777,26.941666732231777,0.03195399,0.018019166,0.00029730337,0.19910112,0.0009911011,1.0
4512000,1.3069515,918.0,2.994197,28.66000008980433,28.66000008980433,0.012968657,0.014240743,0.00029729595,0.19909866,0.0009910767,1.0
4524000,1.3072562,999.0,2.9842591,27.466666724946762,27.466666724946762,0.027421603,0.020200228,0.0002972892,0.19909638,0.0009910542,1.0
4536000,1.3068271,999.0,3.0362697,29.90000009536743,29.90000009536743,0.0020642374,0.017175423,0.0002972821,0.19909401,0.000991031,1.0
4548000,1.3074113,999.0,3.0300248,29.90000009536743,29.90000009536743,0.0016594495,0.024991395,0.00029727514,0.19909172,0.0009910079,1.0
4560000,1.3063952,999.0,3.0197024,29.90000009536743,29.90000009536743,0.0035033626,0.016619362,0.00029726804,0.19908933,0.0009909845,1.0
4572000,1.3057739,945.2142857142857,3.0031097,28.300000071525574,28.300000071525574,0.017113898,0.019418163,0.00029726056,0.19908687,0.0009909599,1.0
4584000,1.3053124,999.0,3.0399654,29.90000009536743,29.90000009536743,0.002220748,0.018232077,0.00029725302,0.19908433,0.0009909349,1.0
4596000,1.3062598,999.0,3.0351074,29.860000069936117,29.860000069936117,0.0016573005,0.016036266,0.00029724606,0.19908202,0.000990912,1.0
4608000,1.305694,999.0,3.037011,29.90000009536743,29.90000009536743,0.001537206,0.02029472,0.00029723905,0.19907968,0.0009908889,1.0
4620000,1.3050777,999.0,3.0201073,29.85714294229235,29.85714294229235,0.0024002804,0.017752549,0.00029723204,0.19907732,0.0009908656,1.0
4632000,1.304586,999.0,3.03605,29.90000009536743,29.90000009536743,0.001683078,0.018603502,0.00029722432,0.19907477,0.0009908403,1.0
4644000,1.3038522,999.0,3.0291593,29.90000009536743,29.90000009536743,0.001673975,0.020518167,0.00029721676,0.19907226,0.0009908153,1.0
4656000,1.3035823,999.0,3.0363033,29.90000009536743,29.90000009536743,0.0015818346,0.01623722,0.00029720968,0.19906987,0.0009907918,1.0
4668000,1.3035032,999.0,3.0390437,29.90000009536743,29.90000009536743,0.0015383625,0.018024871,0.00029720276,0.1990676,0.0009907691,1.0
4680000,1.3034272,999.0,3.0284088,29.90000009536743,29.90000009536743,0.001494756,0.019671563,0.00029719583,0.19906527,0.0009907462,1.0
4692000,1.3030721,999.0,3.0394874,29.90000009536743,29.90000009536743,0.0015923245,0.01762701,0.00029718882,0.19906294,0.0009907231,1.0
4704000,1.3034592,999.0,3.0351608,29.90000009536743,29.90000009536743,0.0014995043,0.016452389,0.00029718174,0.1990606,0.0009906999,1.0
4716000,1.3032863,999.0,3.0327964,29.90000009536743,29.90000009536743,0.0015982707,0.01358124,0.00029717403,0.19905803,0.0009906742,1.0
4728000,1.3032217,999.0,3.0272949,29.85714294229235,29.85714294229235,0.0020537805,0.01841174,0.00029716623,0.19905539,0.0009906486,1.0
4740000,1.3043739,999.0,3.0380645,29.90000009536743,29.90000009536743,0.0014226042,0.013784286,0.00029715922,0.1990531,0.0009906254,1.0
4752000,1.3046029,999.0,3.031047,29.90000009536743,29.90000009536743,0.0014385148,0.018223356,0.00029715212,0.19905071,0.0009906021,1.0
4764000,1.3042244,999.0,3.0304704,29.90000009536743,29.90000009536743,0.0013639011,0.017131874,0.0002971452,0.1990484,0.0009905793,1.0
4776000,1.3041286,999.0,3.025948,29.90000009536743,29.90000009536743,0.0026197166,0.017786505,0.00029713815,0.19904606,0.000990556,1.0
4788000,1.3039628,999.0,3.0288415,29.820000076293944,29.820000076293944,0.0013756632,0.02285526,0.00029713105,0.19904369,0.0009905325,1.0
4800000,1.3047454,999.0,3.0303347,29.90000009536743,29.90000009536743,0.001951355,0.01830664,0.00029712403,0.19904132,0.0009905092,1.0
4812000,1.304963,999.0,3.028444,29.860000085830688,29.860000085830688,0.0013806606,0.019876676,0.0002971169,0.19903894,0.0009904857,1.0
4824000,1.3040698,999.0,3.0294175,29.90000009536743,29.90000009536743,0.0023534694,0.014030122,0.00029710928,0.19903643,0.0009904606,1.0
4836000,1.3033768,999.0,3.0326478,29.85714294229235,29.85714294229235,0.0021051841,0.013508171,0.00029710165,0.1990339,0.0009904356,1.0
4848000,1.303638,999.0,3.034495,29.90000009536743,29.90000009536743,0.0019422661,0.014941073,0.0002970947,0.19903158,0.0009904125,1.0
4860000,1.3029035,999.0,3.0398357,29.90000009536743,29.90000009536743,0.0013709874,0.013992156,0.00029708786,0.19902928,0.00099039,1.0
4872000,1.302141,999.0,3.0340064,29.853846238209652,29.853846238209652,0.0014007009,0.018226957,0.00029708032,0.19902678,0.000990365,1.0
4884000,1.3017805,999.0,3.0376616,29.90000009536743,29.90000009536743,0.001432972,0.013285757,0.00029707266,0.1990242,0.0009903397,1.0
4896000,1.3019707,999.0,3.036822,29.90000009536743,29.90000009536743,0.0014619259,0.026204916,0.00029706562,0.19902186,0.0009903165,1.0
4908000,1.3017257,999.0,3.0406163,29.90000009536743,29.90000009536743,0.0015074173,0.01252534,0.0002970585,0.19901949,0.000990293,1.0
4920000,1.3017476,999.0,3.02441,29.860000085830688,29.860000085830688,0.0020424912,0.013926589,0.0002970515,0.19901717,0.00099027,1.0
4932000,1.3021884,999.0,3.0310807,29.90000009536743,29.90000009536743,0.0017433888,0.019061983,0.00029704437,0.19901478,0.0009902464,1.0
4944000,1.3016133,999.0,3.0312831,29.90000009536743,29.90000009536743,0.0017973083,0.014507424,0.00029703727,0.19901244,0.000990223,1.0
4956000,1.3011658,999.0,3.0275102,29.90000009536743,29.90000009536743,0.0022979456,0.0158535,0.00029703017,0.19901006,0.0009901995,1.0
4968000,1.3013014,999.0,3.0466304,29.90000009536743,29.90000009536743,0.0015119804,0.013504577,0.00029702298,0.19900768,0.0009901759,1.0
4980000,1.3010702,999.0,3.0353403,29.90000009536743,29.90000009536743,0.0014342816,0.014174968,0.00029701585,0.19900529,0.0009901524,1.0
4992000,1.3003024,999.0,3.0393264,29.90000009536743,29.90000009536743,0.0014826377,0.019093556,0.00029700866,0.1990029,0.0009901286,1.0
5004000,1.29863,999.0,3.0309289,29.90000009536743,29.90000009536743,0.0014967876,0.015208271,0.00029700153,0.1990005,0.000990105,1.0
5016000,1.2976463,999.0,3.0237758,29.90000009536743,29.90000009536743,0.0014078896,0.012500046,0.00029699397,0.198998,0.0009900802,1.0
5028000,1.2970109,999.0,3.0319502,29.90000009536743,29.90000009536743,0.0015143674,0.018942744,0.00029698646,0.19899549,0.0009900554,1.0
5040000,1.2964209,999.0,3.0371764,29.90000009536743,29.90000009536743,0.0015014097,0.018440932,0.00029697944,0.19899313,0.0009900321,1.0
5052000,1.2955432,999.0,3.0387888,29.90000009536743,29.90000009536743,0.0013845996,0.014029451,0.0002969724,0.1989908,0.0009900089,1.0
5064000,1.2948476,999.0,3.0384188,29.90000009536743,29.90000009536743,0.0013329379,0.014804947,0.0002969654,0.19898845,0.0009899859,1.0
5076000,1.2943121,999.0,3.0383523,29.90000009536743,29.90000009536743,0.0013541576,0.013643958,0.0002969584,0.19898616,0.0009899628,1.0
5088000,1.2941332,999.0,3.0333323,29.90000009536743,29.90000009536743,0.0013973655,0.018999798,0.00029695084,0.1989836,0.0009899376,1.0
5100000,1.2935702,999.0,3.0333624,29.90000009536743,29.90000009536743,0.0013723912,0.018140942,0.0002969431,0.19898103,0.0009899122,1.0
5112000,1.2934613,999.0,3.0237966,29.90000009536743,29.90000009536743,0.0016453002,0.015515272,0.000296936,0.19897866,0.0009898889,1.0
5124000,1.293099,999.0,3.0273123,29.90000009536743,29.90000009536743,0.0014154841,0.01644715,0.00029692895,0.19897632,0.0009898655,1.0
5136000,1.2931535,999.0,3.0316076,29.820000060399373,29.820000060399373,0.0021700773,0.018221894,0.00029692185,0.19897395,0.0009898421,1.0
5148000,1.293881,999.0,3.0376577,29.90000009536743,29.90000009536743,0.0014172228,0.015322135,0.00029691492,0.19897164,0.0009898193,1.0
5160000,1.2944502,999.0,3.035731,29.90000009536743,29.90000009536743,0.001412253,0.016387668,0.00029690797,0.19896932,0.0009897962,1.0
5172000,1.2946199,999.0,3.035748,29.90000009536743,29.90000009536743,0.0013315314,0.022505162,0.0002969003,0.19896677,0.0009897711,1.0
5184000,1.2953961,999.0,3.039822,29.90000009536743,29.90000009536743,0.0013852678,0.015623611,0.00029689271,0.19896424,0.000989746,1.0
5196000,1.2948295,999.0,3.0368114,29.90000009536743,29.90000009536743,0.0013430069,0.013034689,0.0002968857,0.1989619,0.0009897228,1.0
5208000,1.2949271,999.0,3.0313954,29.90000009536743,29.90000009536743,0.0013938282,0.023186965,0.0002968786,0.19895953,0.0009896994,1.0
5220000,1.2942804,999.0,3.0348659,29.90000009536743,29.90000009536743,0.0013788048,0.01643587,0.00029687153,0.19895719,0.0009896761,1.0
5232000,1.2941096,999.0,3.0397696,29.90000009536743,29.90000009536743,0.0013173925,0.024448723,0.00029686463,0.19895487,0.0009896532,1.0
5244000,1.2950867,999.0,3.027118,29.860000085830688,29.860000085830688,0.002055749,0.024602205,0.00029685762,0.19895251,0.0009896302,1.0
5256000,1.2954398,999.0,3.0397043,29.90000009536743,29.90000009536743,0.0013417768,0.014859732,0.00029685049,0.19895017,0.0009896067,1.0
5268000,1.2950777,999.0,3.0383961,29.90000009536743,29.90000009536743,0.0013181502,0.014305465,0.00029684335,0.19894779,0.000989583,1.0
5280000,1.2947339,999.0,3.0358226,29.90000009536743,29.90000009536743,0.0013088884,0.019331455,0.00029683564,0.19894521,0.0009895576,1.0
5292000,1.2952695,999.0,3.0368392,29.90000009536743,29.90000009536743,0.0013937312,0.016665665,0.00029682802,0.19894266,0.0009895324,1.0
5304000,1.2956182,999.0,3.0342116,29.90000009536743,29.90000009536743,0.0013936792,0.018485835,0.0002968209,0.19894029,0.0009895089,1.0
5316000,1.2949834,999.0,3.041741,29.90000009536743,29.90000009536743,0.0014023492,0.016903624,0.00029681373,0.19893794,0.0009894854,1.0
5328000,1.2937644,999.0,3.0369954,29.90000009536743,29.90000009536743,0.0013950355,0.01992086,0.00029680663,0.19893555,0.0009894619,1.0
5340000,1.2925229,999.0,3.0415883,29.90000009536743,29.90000009536743,0.0019709733,0.012586597,0.00029679958,0.19893318,0.0009894386,1.0
5352000,1.2918442,999.0,3.032214,29.860000085830688,29.860000085830688,0.0013688767,0.025547253,0.00029679245,0.19893081,0.0009894151,1.0
5364000,1.2919035,999.0,3.0396473,29.90000009536743,29.90000009536743,0.0013262007,0.020195765,0.00029678532,0.19892843,0.0009893916,1.0
5376000,1.2923068,999.0,3.0379038,29.885714377675736,29.885714377675736,0.0014037132,0.016554797,0.00029677813,0.19892605,0.000989368,1.0
5388000,1.2924327,999.0,3.032936,29.90000009536743,29.90000009536743,0.0013171281,0.018616123,0.00029677097,0.19892366,0.0009893443,1.0
5400000,1.2924786,999.0,3.0394511,29.90000009536743,29.90000009536743,0.0015687961,0.021738483,0.00029676396,0.19892132,0.000989321,1.0
5412000,1.2922509,999.0,3.0373118,29.85384621986976,29.85384621986976,0.0013441375,0.020475704,0.0002967563,0.19891877,0.0009892957,1.0
5424000,1.2916807,999.0,3.035438,29.90000009536743,29.90000009536743,0.0013447087,0.019234465,0.00029674883,0.19891626,0.0009892712,1.0
5436000,1.2918124,999.0,3.0328019,29.90000009536743,29.90000009536743,0.0013202537,0.014633085,0.00029674204,0.198914,0.0009892487,1.0
5448000,1.2914121,999.0,3.0336936,29.90000009536743,29.90000009536743,0.0020915845,0.021126144,0.00029673506,0.19891168,0.0009892258,1.0
5460000,1.2911663,999.0,3.0324893,29.860000085830688,29.860000085830688,0.0013488679,0.015345797,0.00029672752,0.19890916,0.0009892008,1.0
5472000,1.291142,999.0,3.0298688,29.90000009536743,29.90000009536743,0.0021417106,0.015605736,0.00029672004,0.1989067,0.0009891762,1.0
5484000,1.2912297,999.0,3.0393226,29.85714294229235,29.85714294229235,0.0013269162,0.015607235,0.00029671297,0.19890432,0.0009891527,1.0
5496000,1.2911427,999.0,3.0322714,29.90000009536743,29.90000009536743,0.0013865074,0.020432882,0.0002967059,0.19890195,0.0009891294,1.0
5508000,1.2899892,999.0,3.0374618,29.90000009536743,29.90000009536743,0.0013407054,0.016265133,0.00029669877,0.19889958,0.000989106,1.0
5520000,1.2878507,999.0,3.0342321,29.88461547631484,29.88461547631484,0.001310996,0.017072907,0.00029669135,0.19889711,0.0009890815,1.0
5532000,1.2868447,999.0,3.0283554,29.90000009536743,29.90000009536743,0.001314089,0.02251035,0.00029668404,0.19889468,0.0009890572,1.0
5544000,1.2871804,999.0,3.0309613,29.90000009536743,29.90000009536743,0.0013192386,0.015849061,0.00029667708,0.19889235,0.0009890343,1.0
5556000,1.2875363,999.0,3.0341763,29.90000009536743,29.90000009536743,0.0013159377,0.015300599,0.00029667013,0.19889003,0.0009890114,1.0
5568000,1.287861,999.0,3.0310302,29.90000009536743,29.90000009536743,0.0013108092,0.020309353,0.000296663,0.19888766,0.0009889879,1.0
5580000,1.2886177,999.0,3.0254831,29.90000009536743,29.90000009536743,0.0021326193,0.015702566,0.00029665593,0.1988853,0.0009889646,1.0
5592000,1.2889235,999.0,3.0369613,29.828571489879064,29.828571489879064,0.0013743977,0.020481585,0.00029664845,0.19888282,0.0009889399,1.0
5604000,1.2889465,999.0,3.0401418,29.90000009536743,29.90000009536743,0.0012624926,0.016775515,0.00029664088,0.19888027,0.0009889149,1.0
5616000,1.2896733,999.0,3.0315933,29.90000009536743,29.90000009536743,0.0020413932,0.022145137,0.0002966337,0.19887789,0.0009888911,1.0
5628000,1.2903355,999.0,3.0347867,29.853846238209652,29.853846238209652,0.0012763786,0.023984196,0.00029662662,0.19887555,0.000988868,1.0
5640000,1.2907387,999.0,3.0358305,29.90000009536743,29.90000009536743,0.0013016331,0.014727251,0.00029661946,0.19887316,0.0009888442,1.0
5652000,1.2914519,999.0,3.0310466,29.90000009536743,29.90000009536743,0.0013363835,0.023399198,0.00029661233,0.19887078,0.0009888207,1.0
5664000,1.2917002,999.0,3.0355127,29.90000009536743,29.90000009536743,0.0017809811,0.018814927,0.00029660537,0.19886844,0.0009887976,1.0
5676000,1.291737,999.0,3.0385897,29.860000085830688,29.860000085830688,0.0013061756,0.021432914,0.0002965984,0.19886613,0.0009887747,1.0
5688000,1.2910814,999.0,3.039065,29.90000009536743,29.90000009536743,0.0012808692,0.01374632,0.0002965908,0.1988636,0.0009887496,1.0
5700000,1.2903264,999.0,3.0370803,29.90000009536743,29.90000009536743,0.0013116086,0.018604215,0.00029658314,0.19886105,0.0009887243,1.0
5712000,1.2892998,999.0,3.013199,29.90000009536743,29.90000009536743,0.0072355084,0.017899169,0.0002965761,0.19885868,0.000988701,1.0
5724000,1.2885642,999.0,3.038896,29.90000009536743,29.90000009536743,0.0013497779,0.018477065,0.00029656896,0.19885631,0.0009886775,1.0
5736000,1.2869651,999.0,3.0283144,29.7000000843635,29.7000000843635,0.0012636061,0.012212713,0.00029656192,0.19885397,0.0009886543,1.0
5748000,1.2869331,999.0,3.0314605,29.90000009536743,29.90000009536743,0.0012860744,0.012560626,0.00029655488,0.19885163,0.0009886309,1.0
5760000,1.2868427,999.0,3.03235,29.90000009536743,29.90000009536743,0.0012906644,0.014699583,0.00029654786,0.19884928,0.0009886079,1.0
5772000,1.2865871,999.0,3.0345201,29.90000009536743,29.90000009536743,0.0020244757,0.018181326,0.00029654076,0.19884689,0.0009885845,1.0
5784000,1.2858505,999.0,3.0311866,29.846666717529295,29.846666717529295,0.0013613505,0.01847997,0.0002965336,0.19884454,0.0009885608,1.0
5796000,1.2852955,999.0,3.0363708,29.90000009536743,29.90000009536743,0.0012901074,0.017316822,0.00029652604,0.198842,0.0009885358,1.0
5808000,1.285195,999.0,3.017755,29.90000009536743,29.90000009536743,0.0024761313,0.020163096,0.00029651847,0.19883949,0.0009885109,1.0
5820000,1.2855784,999.0,3.0224383,29.90000009536743,29.90000009536743,0.0022296442,0.021320172,0.00029651137,0.19883712,0.0009884875,1.0
5832000,1.2854726,999.0,3.0359905,29.90000009536743,29.90000009536743,0.0018627787,0.012723987,0.00029650435,0.19883478,0.0009884643,1.0
5844000,1.2847996,999.0,3.0357926,29.90000009536743,29.90000009536743,0.0015223236,0.012692995,0.00029649728,0.19883241,0.0009884409,1.0
5856000,1.2840577,999.0,3.0422552,29.90000009536743,29.90000009536743,0.0014854091,0.017753573,0.0002964903,0.19883008,0.0009884179,1.0
5868000,1.283651,999.0,3.0333314,29.860000085830688,29.860000085830688,0.0013475813,0.015460335,0.00029648273,0.19882758,0.000988393,1.0
5880000,1.2835065,999.0,3.0377743,29.90000009536743,29.90000009536743,0.0013100965,0.015110723,0.00029647522,0.19882508,0.0009883683,1.0
5892000,1.2829263,999.0,3.0362153,29.90000009536743,29.90000009536743,0.0014029905,0.016187325,0.00029646824,0.19882274,0.0009883452,1.0
5904000,1.2829186,999.0,3.0383723,29.90000009536743,29.90000009536743,0.0014127601,0.013716165,0.00029646113,0.1988204,0.0009883217,1.0
5916000,1.2833201,999.0,3.0362036,29.90000009536743,29.90000009536743,0.0013809454,0.013642643,0.00029645403,0.19881801,0.0009882983,1.0
5928000,1.2830772,999.0,3.0411036,29.90000009536743,29.90000009536743,0.0013273206,0.020480288,0.00029644702,0.19881569,0.0009882752,1.0
5940000,1.2830063,999.0,3.034292,29.90000009536743,29.90000009536743,0.001299674,0.016728258,0.00029643998,0.19881332,0.0009882519,1.0
5952000,1.2833825,999.0,3.0343056,29.90000009536743,29.90000009536743,0.0013998183,0.014666163,0.0002964329,0.19881098,0.0009882286,1.0
5964000,1.2838118,999.0,3.0396707,29.90000009536743,29.90000009536743,0.0012978484,0.013435625,0.00029642574,0.1988086,0.0009882048,1.0
5976000,1.2837112,999.0,3.0265594,29.90000009536743,29.90000009536743,0.0027426374,0.015833212,0.000296418,0.19880602,0.0009881795,1.0
5988000,1.2832848,947.9166666666666,3.0390818,28.209090991453692,28.209090991453692,0.023402624,0.012200844,0.00029641032,0.19880342,0.0009881541,1.0
6000000,1.2826848,999.0,2.9874816,29.82857150690896,29.82857150690896,0.0059595504,0.020433867,0.00029640316,0.19880104,0.0009881305,1.0
6012000,1.2819984,999.0,3.0418081,29.90000009536743,29.90000009536743,0.0016590153,0.02639558,0.00029639603,0.19879867,0.0009881068,1.0
6024000,1.2818071,999.0,3.021546,29.853846238209652,29.853846238209652,0.0029959183,0.013444171,0.0002963889,0.19879632,0.0009880834,1.0
6036000,1.2814488,999.0,3.0349808,29.90000009536743,29.90000009536743,0.0013588411,0.014289136,0.00029638197,0.19879399,0.0009880605,1.0
6048000,1.2809799,999.0,3.0282352,29.90000009536743,29.90000009536743,0.0023100886,0.020109585,0.00029637487,0.19879164,0.0009880372,1.0
6060000,1.28094,999.0,3.0365622,29.80769234437209,29.80769234437209,0.0013154056,0.014117,0.00029636803,0.19878934,0.0009880145,1.0
6072000,1.2816533,999.0,3.0319123,29.90000009536743,29.90000009536743,0.0020493865,0.016808199,0.0002963609,0.19878697,0.0009879909,1.0
6084000,1.2811491,999.0,3.026446,29.85714294229235,29.85714294229235,0.0018792497,0.0153891565,0.00029635316,0.19878438,0.0009879654,1.0
6096000,1.2816999,999.0,3.035673,29.90000009536743,29.90000009536743,0.0017157303,0.011962363,0.00029634548,0.1987818,0.00098794,1.0
6108000,1.2830514,999.0,3.0364263,29.81428578921727,29.81428578921727,0.001273425,0.015603566,0.00029633846,0.19877948,0.000987917,1.0
6120000,1.2833226,999.0,3.034117,29.90000009536743,29.90000009536743,0.0012464207,0.017663313,0.00029633153,0.19877715,0.000987894,1.0
6132000,1.2829367,999.0,3.036744,29.90000009536743,29.90000009536743,0.0012696141,0.013310012,0.00029632435,0.19877477,0.0009878703,1.0
6144000,1.2823664,999.0,3.0339725,29.90000009536743,29.90000009536743,0.001262513,0.015870877,0.00029631727,0.19877242,0.000987847,1.0
6156000,1.281618,999.0,3.0300348,29.90000009536743,29.90000009536743,0.0012692238,0.015351094,0.00029631014,0.19877005,0.0009878235,1.0
6168000,1.2809434,999.0,3.0253575,29.90000009536743,29.90000009536743,0.0019216758,0.016938433,0.00029630316,0.1987677,0.0009878003,1.0
6180000,1.2813666,999.0,3.0229385,29.90000009536743,29.90000009536743,0.0013386208,0.0132857375,0.00029629614,0.19876538,0.0009877774,1.0
6192000,1.2815865,999.0,3.0243316,29.85714294229235,29.85714294229235,0.0013709955,0.0155610135,0.00029628855,0.19876286,0.0009877522,1.0
6204000,1.2809323,999.0,3.0357065,29.90000009536743,29.90000009536743,0.0012353176,0.022534475,0.00029628107,0.19876035,0.0009877275,1.0
6216000,1.2795002,999.0,3.022324,29.90000009536743,29.90000009536743,0.0013486632,0.017056907,0.00029627397,0.19875799,0.000987704,1.0
6228000,1.2785283,999.0,3.025013,29.90000009536743,29.90000009536743,0.0013437368,0.015731817,0.00029626695,0.19875564,0.000987681,1.0
6240000,1.2790608,999.0,3.0182846,29.90000009536743,29.90000009536743,0.0013823564,0.019342277,0.00029625985,0.19875328,0.0009876575,1.0
6252000,1.2790283,999.0,3.0232625,29.90000009536743,29.90000009536743,0.0021043958,0.019777438,0.00029625275,0.19875091,0.0009876341,1.0
6264000,1.278695,999.0,3.0349329,29.90000009536743,29.90000009536743,0.0012406068,0.016592417,0.0002962456,0.19874853,0.0009876104,1.0
6276000,1.2786399,999.0,3.0341253,29.853846238209652,29.853846238209652,0.0018162002,0.019265022,0.00029623843,0.19874613,0.0009875867,1.0
6288000,1.2787288,999.0,3.0346506,29.90000009536743,29.90000009536743,0.0013147322,0.01672234,0.00029623136,0.19874378,0.0009875634,1.0
6300000,1.2788982,999.0,3.0323699,29.85714294229235,29.85714294229235,0.0012769528,0.017528487,0.0002962237,0.19874123,0.0009875383,1.0
6312000,1.2792019,999.0,3.0375428,29.90000009536743,29.90000009536743,0.0012179982,0.01582589,0.00029621608,0.1987387,0.000987513,1.0
6324000,1.2783991,999.0,3.0338173,29.90000009536743,29.90000009536743,0.0013425933,0.023450365,0.00029620927,0.19873641,0.0009874906,1.0
6336000,1.2775191,999.0,3.0318651,29.90000009536743,29.90000009536743,0.0017668111,0.018842923,0.00029620237,0.1987341,0.0009874678,1.0
6348000,1.2772331,999.0,3.0318227,29.853846238209652,29.853846238209652,0.0012948009,0.012847058,0.0002961953,0.19873177,0.0009874444,1.0
6360000,1.2776006,999.0,3.0310354,29.90000009536743,29.90000009536743,0.0012880935,0.0172531,0.0002961882,0.1987294,0.000987421,1.0
6372000,1.2782514,999.0,3.0282578,29.90000009536743,29.90000009536743,0.001245676,0.0142531255,0.00029618043,0.19872682,0.0009873955,1.0
6384000,1.2791349,999.0,3.0299041,29.90000009536743,29.90000009536743,0.0012628065,0.017781565,0.0002961728,0.19872427,0.0009873701,1.0
6396000,1.2792618,999.0,3.0306022,29.90000009536743,29.90000009536743,0.0012489379,0.020027181,0.00029616576,0.19872193,0.000987347,1.0
6408000,1.27949,999.0,3.0262074,29.85714294229235,29.85714294229235,0.0020278443,0.012854726,0.0002961587,0.19871956,0.0009873236,1.0
6420000,1.2790993,999.0,3.036757,29.90000009536743,29.90000009536743,0.0013632629,0.017439188,0.00029615161,0.19871719,0.0009873003,1.0
6432000,1.2782695,999.0,3.0337725,29.90000009536743,29.90000009536743,0.0012690873,0.017289154,0.00029614448,0.19871481,0.0009872768,1.0
6444000,1.278324,999.0,3.0361695,29.90000009536743,29.90000009536743,0.0012889177,0.015456419,0.0002961374,0.19871247,0.0009872535,1.0
6456000,1.277928,999.0,3.0262992,29.90000009536743,29.90000009536743,0.0014310036,0.020308845,0.00029613034,0.19871013,0.0009872302,1.0
6468000,1.2773168,999.0,3.0061939,29.90000009536743,29.90000009536743,0.0014385611,0.022229169,0.0002961228,0.19870761,0.0009872054,1.0
6480000,1.2771933,959.6363636363636,2.9951184,28.853846224454735,28.853846224454735,0.04323995,0.015377227,0.00029611532,0.19870509,0.0009871806,1.0
6492000,1.2769977,983.6153846153846,2.931756,29.666666741172474,29.666666741172474,0.01484671,0.017635772,0.0002961085,0.19870283,0.0009871582,1.0
6504000,1.2765703,985.0833333333334,2.8896906,29.11666673918565,29.11666673918565,0.0399202,0.020806098,0.00029610159,0.19870053,0.0009871352,1.0
6516000,1.2767951,987.9,2.9381995,29.64166675383846,29.64166675383846,0.0094144195,0.014136308,0.00029609443,0.19869815,0.0009871115,1.0
6528000,1.2767962,999.0,2.9850326,29.850000083446503,29.850000083446503,0.018575056,0.019082928,0.00029608686,0.19869561,0.0009870866,1.0
6540000,1.2769395,999.0,3.0212767,29.90000009536743,29.90000009536743,0.0022276689,0.020998636,0.00029607964,0.19869322,0.0009870628,1.0
6552000,1.2772071,998.1666666666666,3.0044196,29.85833340883255,29.85833340883255,0.0165579,0.016231036,0.0002960723,0.19869076,0.0009870386,1.0
6564000,1.2763522,999.0,2.9856825,29.90000009536743,29.90000009536743,0.0024890553,0.015841717,0.00029606497,0.19868833,0.0009870144,1.0
6576000,1.2755629,968.1666666666666,2.9524512,28.818181884559717,28.818181884559717,0.04402135,0.0112129375,0.000296058,0.19868599,0.0009869911,1.0
6588000,1.2746539,999.0,2.9927185,29.90000009536743,29.90000009536743,0.0037446131,0.013517301,0.00029605126,0.19868375,0.0009869692,1.0
6600000,1.2734555,999.0,3.0180268,29.90000009536743,29.90000009536743,0.0018996333,0.01826345,0.00029604364,0.1986812,0.0009869441,1.0
6612000,1.2728719,999.0,3.0316644,29.90000009536743,29.90000009536743,0.002102676,0.014535799,0.00029603599,0.19867866,0.0009869187,1.0
6624000,1.2726591,999.0,3.0334966,29.90000009536743,29.90000009536743,0.0014929754,0.01396494,0.0002960289,0.19867629,0.0009868954,1.0
6636000,1.2732433,999.0,3.033554,29.90000009536743,29.90000009536743,0.0014244687,0.018981187,0.00029602207,0.19867402,0.0009868728,1.0
6648000,1.2734954,999.0,3.0314677,29.90000009536743,29.90000009536743,0.0014145019,0.017086277,0.0002960151,0.1986717,0.0009868499,1.0
6660000,1.2735784,999.0,3.0373578,29.90000009536743,29.90000009536743,0.0014516648,0.01657502,0.00029600764,0.19866921,0.0009868251,1.0
6672000,1.2734088,999.0,3.0343156,29.90000009536743,29.90000009536743,0.0014495604,0.016105639,0.0002960002,0.19866674,0.0009868005,1.0
6684000,1.2732947,999.0,3.0261304,29.90000009536743,29.90000009536743,0.002562454,0.023622042,0.00029599326,0.19866441,0.0009867778,1.0
6696000,1.2729105,999.0,3.0362928,29.90000009536743,29.90000009536743,0.0012846187,0.013994705,0.0002959864,0.19866212,0.0009867551,1.0
6708000,1.2727168,993.0769230769231,3.0251832,29.661538541316986,29.661538541316986,0.01057528,0.017814651,0.00029597897,0.19865964,0.0009867306,1.0
